id,member_id,event_id,title,content,external
1,,1,Test Announcement #1,This is a test accoucement #1,false
2,,1,Test Announcement #2,This is a test accoucement #2,false
3,,1,Test Announcement #3,This is a test accoucement #3,false
4,,1,Test Announcement #4,This is a test accoucement #4,false
5,,1,Test Announcement #5,This is a test accoucement #5,false
6,,1,Test Announcement #6,This is a test accoucement #6,false
7,,1,Test Announcement #7,This is a test accoucement #7,false
8,,1,Test Announcement #8,This is a test accoucement #8,false
9,,1,Test Announcement #9,This is a test accoucement #9,false
