id,author_id,event_id,title,content
1,1,1,Test Announcement #1,This is a test accoucement #1
2,1,1,Test Announcement #2,This is a test accoucement #2
3,1,1,Test Announcement #3,This is a test accoucement #3
4,1,1,Test Announcement #4,This is a test accoucement #4
5,1,1,Test Announcement #5,This is a test accoucement #5
6,1,1,Test Announcement #6,This is a test accoucement #6
7,1,1,Test Announcement #7,This is a test accoucement #7
8,1,1,Test Announcement #8,This is a test accoucement #8
9,1,1,Test Announcement #9,This is a test accoucement #9
