id,member_id,event_id,title,content,external
1,1,1,Internal Test Announcement #1,This is a test accoucement #1,false
2,1,1,Internal Test Announcement #2,This is a test accoucement #2,false
3,1,1,Internal Test Announcement #3,This is a test accoucement #3,false
4,1,1,Internal Test Announcement #4,This is a test accoucement #4,false
5,1,1,Internal Test Announcement #5,This is a test accoucement #5,false
6,1,1,Internal Test Announcement #6,This is a test accoucement #6,false
7,1,1,Internal Test Announcement #7,This is a test accoucement #7,false
8,1,1,Internal Test Announcement #8,This is a test accoucement #8,false
9,1,1,Internal Test Announcement #9,This is a test accoucement #9,false
10,1,1,External Test Announcement #1,This is a test accoucement #1,true
11,1,1,External Test Announcement #2,This is a test accoucement #2,true
12,1,1,External Test Announcement #3,This is a test accoucement #3,true
13,1,1,External Test Announcement #4,This is a test accoucement #4,true
14,1,1,External Test Announcement #5,This is a test accoucement #5,true
15,1,1,External Test Announcement #6,This is a test accoucement #6,true
16,1,1,External Test Announcement #7,This is a test accoucement #7,true
17,1,1,External Test Announcement #8,This is a test accoucement #8,true
18,1,1,External Test Announcement #9,This is a test accoucement #9,true
19,2,1,Internal sdafdsafdsa,fdsafdsafsdaf,false
