id,name,location,event_type,max_size,tickets_sold,num_checked_in,date,description
1,Test Event 1,Zoom,Service,10,0,0,2021-04-22 00:00:00 UTC,This is a test
2,Test Event 2,Zoom,Service,10,1,2,2021-04-22 00:00:00 UTC,This is a test
3,Test Event 3,Zoom,Service,10,2,4,2021-04-22 00:00:00 UTC,This is a test
4,Test Event 4,Zoom,Service,10,3,6,2021-04-22 00:00:00 UTC,This is a test
5,Test Event 5,Zoom,Service,10,4,8,2021-04-22 00:00:00 UTC,This is a test
6,Test Event 6,Zoom,Service,10,5,10,2021-04-22 00:00:00 UTC,This is a test
7,Test Event 7,Zoom,Service,10,6,12,2021-04-22 00:00:00 UTC,This is a test
8,Test Event 8,Zoom,Service,10,7,14,2021-04-22 00:00:00 UTC,This is a test
9,Test Event 9,Zoom,Service,10,8,18,2021-04-22 00:00:00 UTC,This is a test
10,I like pie,Chicago,Mandatory,100,9999,8902,8199-09-08 00:00:00 UTC,I like pi
