id,first_name,last_name,email,num_referrals,role_id
1,Zachary,Summers,zsum19@tamu.edu,0,1
2,Trey,Dinges,treydinges@tamu.edu,0,1
3,Reo,Matsuda,reo.matsuda@gmail.com,0,1
4,Michael,Gallegos,snowspeeder@tamu.edu,0,1
5,Nicholas,Belovoskey,nhb368@tamu.edu,0,1
6,Kyle,Wynne,wynnekyle22@gmail.com,0,1
7,Sarah,Clamp,sclamp@tamu.edu,0,1
8,Andy,Bui,andybui212@tamu.edu,0,2
9,Anna,Borer,annacb3@tamu.edu,0,2
10,Ra�l,Basualdo,arbasualdo@tamu.edu,0,2
11,Ashlee,Janda,ashleej4@tamu.edu,0,2
12,Avery,Biggers,avery_biggers@tamu.edu,0,2
13,Bennett,Kumbalek,bennettkumbalek@tamu.edu,0,2
14,Carly,Wulfsberg,cdwulfsberg@tamu.edu,0,2
15,Collin,Presley,cpresley@tamu.edu,0,2
16,Devon,Roeming,devon.roeming@tamu.edu,0,2
17,Grace,Simank,gracesimank@tamu.edu,0,2
18,Halle,Fouch,hallefouch@tamu.edu,0,2
19,Holland,McQuaid,hollandmcq2@tamu.edu,0,2
20,Laya,Bhupatiraju,layabhu10@tamu.edu,0,2
21,Michael,Landavazo,michaellandavazo@tamu.edu,0,2
22,Michael,Mireles,michaelmires@tamu.edu,0,2
23,Victoria,Van,victoriavan999@tamu.edu,0,2
24,Allison,Fox,alli.fox@tamu.edu,0,2
25,Ben,Nisley,ben.nisley@tamu.edu,0,2
26,Cullen,Petru,cullen.petru.gigem@tamu.edu,0,2
27,Lauren,Esparza,laesparza82@tamu.edu,0,2
28,Jacob,Mamantov,mamantovj08@tamu.edu,0,2
29,Nate,Schrobilgen,nschrobilgen@tamu.edu,0,2
30,Adam,Paris,adam.paris@tamu.edu,0,3
31,Adam,Sulemanji,adamsulemanji@tamu.edu,0,3
32,Addison,Cross,addisoncross@tamu.edu,0,3
33,Aidan,Corcoran,ajc2024@tamu.edu,0,3
34,Andrew,Gaschen,andrewgaschen@tamu.edu,0,3
35,Andy,Strong,andybstrong29@tamu.edu,0,3
36,Anna,Robichaux,anna.robichaux44@tamu.edu,0,3
37,August,Nennmann,august_nennmann@tamu.edu,0,3
38,Avery,Barrum,avery.barrum@tamu.edu,0,3
39,Blake,Casner,blakecasner@tamu.edu,0,3
40,Britney,Nguyen,britneynguyen@tamu.edu,0,3
41,Cassandra,Hartmann,cassandrahartmann@tamu.edu,0,3
42,Chaya,Hemanth,chayahemanth44@tamu.edu,0,3
43,Colleen,Parro,colleenparro@tamu.edu,0,3
44,Campbell,Lewis,cplewis24@tamu.edu,0,3
45,Dawson,Noltensmeyer,dawsonnolt@tamu.edu,0,3
46,Andrew,Beltran,dbelltran@tamu.edu,0,3
47,Dom,Barone,dominicbarone@tamu.edu,0,3
48,Elizabeth,Eckelberg,elizabetheckelberg@tamu.edu,0,3
49,Emma,Gunnin,emma.gunnin@tamu.edu,0,3
50,Emma,Jipp,emmajipp@tamu.edu,0,3
51,Giselle,Garcia,ggarcia2020@tamu.edu,0,3
52,Grace,Parkey,graceparkey@tamu.edu,0,3
53,Jackson,Glenney,jackson_glenney02@tamu.edu,0,3
54,Jean,Fonseca,jeanpaulf12@tamu.edu,0,3
55,Jenna,Swiney,jennaswiney@tamu.edu,0,3
56,Jacqueline,Yedwab,jny23@tamu.edu,0,3
57,Kingsley,Cashion,k100043878@tamu.edu,0,3
58,Katie,Peters,katiesuep@tamu.edu,0,3
59,Kaylie,Koehler,kayliek29@tamu.edu,0,3
60,Kelsey,Morgan,kelseymay02@tamu.edu,0,3
61,Kieran,Bierne,kieranbeirne01@tamu.edu,0,3
62,Katelyn,Kalwinsky,kmklawinsky@tamu.edu,0,3
63,Kylee,Adrian,kylee.adrian@tamu.edu,0,3
64,Kyleigh,Alonso,kyleighalonso13@tamu.edu,0,3
65,Lauren,Walker,laurenwalker9164@tamu.edu,0,3
66,Lucy,Castaneda-Medina,lcastaneda.med13@tamu.edu,0,3
67,Madaline,Criddle,m.criddle2001@tamu.edu,0,3
68,Madeline,Canter,mac316@tamu.edu,0,3
69,Maddie,Nguyen,maddienguyenn@tamu.edu,0,3
70,Madison,Howell,madhow@tamu.edu,0,3
71,Connor,White,maestrolive@tamu.edu,0,3
72,Martin,Tran,martindhtran@tamu.edu,0,3
73,Mikayla,Corboy,mcorboy@tamu.edu,0,3
74,Marley,Grimes,mgaddison13@tamu.edu,0,3
75,Maclain,Ruffner,mwruffner@tamu.edu,0,3
76,Nancy,Mandujano,nancym@tamu.edu,0,3
77,Kevin,Nguyen,nguyenkevin9396@tamu.edu,0,3
78,Nicole,Jackson,nicolejackson@tamu.edu,0,3
79,Noelle,Weisz,noelleweisz@tamu.edu,0,3
80,Rahul,Balakrishnan,rahulb1701@tamu.edu,0,3
81,Rawan,Ibraheem,rawan@tamu.edu,0,3
82,Ryan,Radhakrishnan,ryanrad22@tamu.edu,0,3
83,Sam,Anderson,samanthapa@tamu.edu,0,3
84,Sean,Omara,seanomara01@tamu.edu,0,3
85,Andrew,Spain,spainandrew@tamu.edu,0,3
86,Taylor,Estrada,taylorestrada@tamu.edu,0,3
87,Taylor,Lammi,taylorlammi@tamu.edu,0,3
88,Terra,Fielder,terrafiedler@tamu.edu,0,3
89,Trevor,Gard,trevorray2@tamu.edu,0,3
90,Varsha,Murali,varsham713@tamu.edu,0,3
