id,first_name,last_name,email,num_referrals,role_id
1,Test1,Test1,test1@test.com,0,3
2,Test2,Test2,test2@test.com,0,3
3,Test3,Test3,test3@test.com,0,3
4,Test4,Test4,test4@test.com,0,3
5,Test5,Test5,test5@test.com,0,3
6,Test6,Test6,test6@test.com,0,3
7,Test7,Test7,test7@test.com,0,3
8,Test8,Test8,test8@test.com,0,3
9,Test9,Test9,test9@test.com,0,3
10,Reo,Matsuda,reo.matsuda@gmail.com,3,1
11,Trey,Dinges,treydinges@tamu.edu,0,1
12,Michael,Gallegos,snowspeeder@tamu.edu,0,1
13,Zachary,Summers,zsum19@tamu.edu,0,1
14,Nicholas,Belovoskey,nhb368@tamu.edu,0,1
15,Malalala,Malalala,malalala@mamalalala.com,10000,1
