id,name,max_size,tickets_sold,num_checked_in,date,description
1,Test Event 1,10,0,0,2021-03-29 00:00:00 UTC,This is a test
2,Test Event 2,10,1,2,2021-03-29 00:00:00 UTC,This is a test
3,Test Event 3,10,2,4,2021-03-29 00:00:00 UTC,This is a test
4,Test Event 4,10,3,6,2021-03-29 00:00:00 UTC,This is a test
5,Test Event 5,10,4,8,2021-03-29 00:00:00 UTC,This is a test
6,Test Event 6,10,5,10,2021-03-29 00:00:00 UTC,This is a test
7,Test Event 7,10,6,12,2021-03-29 00:00:00 UTC,This is a test
8,Test Event 8,10,7,14,2021-03-29 00:00:00 UTC,This is a test
9,Test Event 9,10,8,16,2021-03-29 00:00:00 UTC,This is a test
